{
  "privacy_caution_index": {
    "description": "隐私谨慎指数 (0-1, 越高越谨慎)",
    "statistics": {
      "diabetic_mean": 0.4764470355943055,
      "diabetic_std": 0.09682533159735505,
      "non_diabetic_mean": 0.4667169212401239,
      "non_diabetic_std": 0.08583599806675304,
      "difference": 0.009730114354181585
    },
    "subdimensions": {
      "sharing": {
        "diabetic_mean": 0.4927821732988151,
        "diabetic_std": 0.1384273053427332,
        "non_diabetic_mean": 0.5373666352397236,
        "non_diabetic_std": 0.1227027802282239,
        "difference": -0.04458446194090854
      },
      "portals": {
        "diabetic_mean": 0.605600495178097,
        "diabetic_std": 0.24394582235101037,
        "non_diabetic_mean": 0.6162367719583399,
        "non_diabetic_std": 0.23170373757343912,
        "difference": -0.010636276780242926
      },
      "devices": {
        "diabetic_mean": 0.4198734630697373,
        "diabetic_std": 0.28274366705124787,
        "non_diabetic_mean": 0.33590754619494295,
        "non_diabetic_std": 0.2622207773596243,
        "difference": 0.08396591687479432
      },
      "trust": {
        "diabetic_mean": 0.2839897323933189,
        "diabetic_std": 0.16607359776324326,
        "non_diabetic_mean": 0.27441095788256975,
        "non_diabetic_std": 0.1632475460536521,
        "difference": 0.009578774510749177
      },
      "social": {
        "diabetic_mean": 0.5564363496258644,
        "diabetic_std": 0.10451806469397187,
        "non_diabetic_mean": 0.5363796161651673,
        "non_diabetic_std": 0.08815570071734959,
        "difference": 0.02005673346069714
      },
      "other": {
        "diabetic_mean": 0.5,
        "diabetic_std": 0.0,
        "non_diabetic_mean": 0.5,
        "non_diabetic_std": 0.0,
        "difference": 0.0
      }
    }
  },
  "weights_used": {
    "main": "Weight",
    "replicates": []
  },
  "sample_size": {
    "total": 7278,
    "diabetic": 1534,
    "non_diabetic": 5744
  }
}